embedding_model,classifier,repeat,seed,category,precision,recall,f1,Recall@GS,MRR,nb_test,nb_0,nb_1,n_features_used
albert,XGBoost,1,42,ChEMBL,0.9630872483221476,0.9795221843003413,0.9712351945854484,0.9714658111059912,1.0,16416,15830,586,80
albert,XGBoost,1,42,Magellan,1.0,1.0,1.0,1.0,1.0,207,176,31,80
albert,XGBoost,1,42,OpenData,0.9679104477611941,0.9744552967693464,0.9711718457506552,0.9791564536810663,1.0,79596,78265,1331,80
albert,XGBoost,1,42,TPC-DI,0.9869158878504672,0.9565217391304348,0.9714811407543699,0.9736510124809357,1.0,14338,13786,552,80
albert,XGBoost,1,42,Wikidata,0.8421052631578947,0.5333333333333333,0.6530612244897959,0.7,0.781904761904762,738,708,30,80
bart,XGBoost,1,42,ChEMBL,0.9630872483221476,0.9795221843003413,0.9712351945854484,0.9714658111059912,1.0,16416,15830,586,80
bart,XGBoost,1,42,Magellan,1.0,1.0,1.0,1.0,1.0,207,176,31,80
bart,XGBoost,1,42,OpenData,0.9679104477611941,0.9744552967693464,0.9711718457506552,0.9791564536810663,1.0,79596,78265,1331,80
bart,XGBoost,1,42,TPC-DI,0.9869158878504672,0.9565217391304348,0.9714811407543699,0.9736510124809357,1.0,14338,13786,552,80
bart,XGBoost,1,42,Wikidata,0.8421052631578947,0.5333333333333333,0.6530612244897959,0.7,0.781904761904762,738,708,30,80
bert,XGBoost,1,42,ChEMBL,0.9630872483221476,0.9795221843003413,0.9712351945854484,0.9714658111059912,1.0,16416,15830,586,80
bert,XGBoost,1,42,Magellan,1.0,1.0,1.0,1.0,1.0,207,176,31,80
bert,XGBoost,1,42,OpenData,0.9679104477611941,0.9744552967693464,0.9711718457506552,0.9791564536810663,1.0,79596,78265,1331,80
bert,XGBoost,1,42,TPC-DI,0.9869158878504672,0.9565217391304348,0.9714811407543699,0.9736510124809357,1.0,14338,13786,552,80
bert,XGBoost,1,42,Wikidata,0.8421052631578947,0.5333333333333333,0.6530612244897959,0.7,0.781904761904762,738,708,30,80
distilbert,XGBoost,1,42,ChEMBL,0.9630872483221476,0.9795221843003413,0.9712351945854484,0.9714658111059912,1.0,16416,15830,586,80
distilbert,XGBoost,1,42,Magellan,1.0,1.0,1.0,1.0,1.0,207,176,31,80
distilbert,XGBoost,1,42,OpenData,0.9679104477611941,0.9744552967693464,0.9711718457506552,0.9791564536810663,1.0,79596,78265,1331,80
distilbert,XGBoost,1,42,TPC-DI,0.9869158878504672,0.9565217391304348,0.9714811407543699,0.9736510124809357,1.0,14338,13786,552,80
distilbert,XGBoost,1,42,Wikidata,0.8421052631578947,0.5333333333333333,0.6530612244897959,0.7,0.781904761904762,738,708,30,80
minilm,XGBoost,1,42,ChEMBL,0.9630872483221476,0.9795221843003413,0.9712351945854484,0.9714658111059912,1.0,16416,15830,586,80
minilm,XGBoost,1,42,Magellan,1.0,1.0,1.0,1.0,1.0,207,176,31,80
minilm,XGBoost,1,42,OpenData,0.9679104477611941,0.9744552967693464,0.9711718457506552,0.9791564536810663,1.0,79596,78265,1331,80
minilm,XGBoost,1,42,TPC-DI,0.9869158878504672,0.9565217391304348,0.9714811407543699,0.9736510124809357,1.0,14338,13786,552,80
minilm,XGBoost,1,42,Wikidata,0.8421052631578947,0.5333333333333333,0.6530612244897959,0.7,0.781904761904762,738,708,30,80
roberta,XGBoost,1,42,ChEMBL,0.9630872483221476,0.9795221843003413,0.9712351945854484,0.9714658111059912,1.0,16416,15830,586,80
roberta,XGBoost,1,42,Magellan,1.0,1.0,1.0,1.0,1.0,207,176,31,80
roberta,XGBoost,1,42,OpenData,0.9679104477611941,0.9744552967693464,0.9711718457506552,0.9791564536810663,1.0,79596,78265,1331,80
roberta,XGBoost,1,42,TPC-DI,0.9869158878504672,0.9565217391304348,0.9714811407543699,0.9736510124809357,1.0,14338,13786,552,80
roberta,XGBoost,1,42,Wikidata,0.8421052631578947,0.5333333333333333,0.6530612244897959,0.7,0.781904761904762,738,708,30,80
albert,XGBoost,2,43,ChEMBL,0.9737373737373738,0.9897330595482546,0.9816700610997964,0.9855492543583281,1.0,14033,13546,487,80
albert,XGBoost,2,43,Magellan,1.0,1.0,1.0,1.0,1.0,106,92,14,80
albert,XGBoost,2,43,OpenData,0.9765729585006694,0.9838165879973028,0.98018139066174,0.9841964670798452,1.0,91395,89912,1483,80
albert,XGBoost,2,43,TPC-DI,0.9602543720190779,0.9726247987117552,0.9664,0.9718211545026062,1.0,15736,15115,621,80
albert,XGBoost,2,43,Wikidata,0.3181818181818182,0.7368421052631579,0.4444444444444444,0.3684210526315789,0.5116545689416541,1334,1315,19,80
bart,XGBoost,2,43,ChEMBL,0.9737373737373738,0.9897330595482546,0.9816700610997964,0.9855492543583281,1.0,14033,13546,487,80
bart,XGBoost,2,43,Magellan,1.0,1.0,1.0,1.0,1.0,106,92,14,80
bart,XGBoost,2,43,OpenData,0.9765729585006694,0.9838165879973028,0.98018139066174,0.9841964670798452,1.0,91395,89912,1483,80
bart,XGBoost,2,43,TPC-DI,0.9602543720190779,0.9726247987117552,0.9664,0.9718211545026062,1.0,15736,15115,621,80
bart,XGBoost,2,43,Wikidata,0.3181818181818182,0.7368421052631579,0.4444444444444444,0.3684210526315789,0.5116545689416541,1334,1315,19,80
bert,XGBoost,2,43,ChEMBL,0.9737373737373738,0.9897330595482546,0.9816700610997964,0.9855492543583281,1.0,14033,13546,487,80
bert,XGBoost,2,43,Magellan,1.0,1.0,1.0,1.0,1.0,106,92,14,80
bert,XGBoost,2,43,OpenData,0.9765729585006694,0.9838165879973028,0.98018139066174,0.9841964670798452,1.0,91395,89912,1483,80
bert,XGBoost,2,43,TPC-DI,0.9602543720190779,0.9726247987117552,0.9664,0.9718211545026062,1.0,15736,15115,621,80
bert,XGBoost,2,43,Wikidata,0.3181818181818182,0.7368421052631579,0.4444444444444444,0.3684210526315789,0.5116545689416541,1334,1315,19,80
distilbert,XGBoost,2,43,ChEMBL,0.9737373737373738,0.9897330595482546,0.9816700610997964,0.9855492543583281,1.0,14033,13546,487,80
distilbert,XGBoost,2,43,Magellan,1.0,1.0,1.0,1.0,1.0,106,92,14,80
distilbert,XGBoost,2,43,OpenData,0.9765729585006694,0.9838165879973028,0.98018139066174,0.9841964670798452,1.0,91395,89912,1483,80
distilbert,XGBoost,2,43,TPC-DI,0.9602543720190779,0.9726247987117552,0.9664,0.9718211545026062,1.0,15736,15115,621,80
distilbert,XGBoost,2,43,Wikidata,0.3181818181818182,0.7368421052631579,0.4444444444444444,0.3684210526315789,0.5116545689416541,1334,1315,19,80
minilm,XGBoost,2,43,ChEMBL,0.9737373737373738,0.9897330595482546,0.9816700610997964,0.9855492543583281,1.0,14033,13546,487,80
minilm,XGBoost,2,43,Magellan,1.0,1.0,1.0,1.0,1.0,106,92,14,80
minilm,XGBoost,2,43,OpenData,0.9765729585006694,0.9838165879973028,0.98018139066174,0.9841964670798452,1.0,91395,89912,1483,80
minilm,XGBoost,2,43,TPC-DI,0.9602543720190779,0.9726247987117552,0.9664,0.9718211545026062,1.0,15736,15115,621,80
minilm,XGBoost,2,43,Wikidata,0.3181818181818182,0.7368421052631579,0.4444444444444444,0.3684210526315789,0.5116545689416541,1334,1315,19,80
roberta,XGBoost,2,43,ChEMBL,0.9737373737373738,0.9897330595482546,0.9816700610997964,0.9855492543583281,1.0,14033,13546,487,80
roberta,XGBoost,2,43,Magellan,1.0,1.0,1.0,1.0,1.0,106,92,14,80
roberta,XGBoost,2,43,OpenData,0.9765729585006694,0.9838165879973028,0.98018139066174,0.9841964670798452,1.0,91395,89912,1483,80
roberta,XGBoost,2,43,TPC-DI,0.9602543720190779,0.9726247987117552,0.9664,0.9718211545026062,1.0,15736,15115,621,80
roberta,XGBoost,2,43,Wikidata,0.3181818181818182,0.7368421052631579,0.4444444444444444,0.3684210526315789,0.5116545689416541,1334,1315,19,80
albert,XGBoost,3,44,ChEMBL,0.935672514619883,0.9495548961424333,0.9425625920471281,0.9474800944938156,1.0,17607,16933,674,80
albert,XGBoost,3,44,Magellan,1.0,1.0,1.0,1.0,1.0,36,30,6,80
albert,XGBoost,3,44,OpenData,0.9549339549339549,0.96015625,0.9575379820802493,0.9677763098554095,1.0,79884,78604,1280,80
albert,XGBoost,3,44,TPC-DI,0.9667221297836939,0.9731993299832495,0.9699499165275459,0.980381430164039,1.0,15254,14657,597,80
albert,XGBoost,3,44,Wikidata,0.85,0.68,0.7555555555555555,0.75,0.7824074074074074,569,544,25,80
bart,XGBoost,3,44,ChEMBL,0.935672514619883,0.9495548961424333,0.9425625920471281,0.9474800944938156,1.0,17607,16933,674,80
bart,XGBoost,3,44,Magellan,1.0,1.0,1.0,1.0,1.0,36,30,6,80
bart,XGBoost,3,44,OpenData,0.9549339549339549,0.96015625,0.9575379820802493,0.9677763098554095,1.0,79884,78604,1280,80
bart,XGBoost,3,44,TPC-DI,0.9667221297836939,0.9731993299832495,0.9699499165275459,0.980381430164039,1.0,15254,14657,597,80
bart,XGBoost,3,44,Wikidata,0.85,0.68,0.7555555555555555,0.75,0.7824074074074074,569,544,25,80
bert,XGBoost,3,44,ChEMBL,0.935672514619883,0.9495548961424333,0.9425625920471281,0.9474800944938156,1.0,17607,16933,674,80
bert,XGBoost,3,44,Magellan,1.0,1.0,1.0,1.0,1.0,36,30,6,80
bert,XGBoost,3,44,OpenData,0.9549339549339549,0.96015625,0.9575379820802493,0.9677763098554095,1.0,79884,78604,1280,80
bert,XGBoost,3,44,TPC-DI,0.9667221297836939,0.9731993299832495,0.9699499165275459,0.980381430164039,1.0,15254,14657,597,80
bert,XGBoost,3,44,Wikidata,0.85,0.68,0.7555555555555555,0.75,0.7824074074074074,569,544,25,80
distilbert,XGBoost,3,44,ChEMBL,0.935672514619883,0.9495548961424333,0.9425625920471281,0.9474800944938156,1.0,17607,16933,674,80
distilbert,XGBoost,3,44,Magellan,1.0,1.0,1.0,1.0,1.0,36,30,6,80
distilbert,XGBoost,3,44,OpenData,0.9549339549339549,0.96015625,0.9575379820802493,0.9677763098554095,1.0,79884,78604,1280,80
distilbert,XGBoost,3,44,TPC-DI,0.9667221297836939,0.9731993299832495,0.9699499165275459,0.980381430164039,1.0,15254,14657,597,80
distilbert,XGBoost,3,44,Wikidata,0.85,0.68,0.7555555555555555,0.75,0.7824074074074074,569,544,25,80
minilm,XGBoost,3,44,ChEMBL,0.934402332361516,0.9510385756676558,0.9426470588235294,0.9466749415147496,1.0,17607,16933,674,80
minilm,XGBoost,3,44,Magellan,1.0,1.0,1.0,1.0,1.0,36,30,6,80
minilm,XGBoost,3,44,OpenData,0.9654631083202512,0.9609375,0.9631949882537196,0.9713594904251742,1.0,79884,78604,1280,80
minilm,XGBoost,3,44,TPC-DI,0.9668874172185431,0.9782244556113903,0.9725228975853455,0.9820048067874155,1.0,15254,14657,597,80
minilm,XGBoost,3,44,Wikidata,0.8571428571428571,0.72,0.782608695652174,0.75,0.7867222222222222,569,544,25,80
roberta,XGBoost,3,44,ChEMBL,0.935672514619883,0.9495548961424333,0.9425625920471281,0.9474800944938156,1.0,17607,16933,674,80
roberta,XGBoost,3,44,Magellan,1.0,1.0,1.0,1.0,1.0,36,30,6,80
roberta,XGBoost,3,44,OpenData,0.9549339549339549,0.96015625,0.9575379820802493,0.9677763098554095,1.0,79884,78604,1280,80
roberta,XGBoost,3,44,TPC-DI,0.9667221297836939,0.9731993299832495,0.9699499165275459,0.980381430164039,1.0,15254,14657,597,80
roberta,XGBoost,3,44,Wikidata,0.85,0.68,0.7555555555555555,0.75,0.7824074074074074,569,544,25,80
albert,XGBoost,4,45,ChEMBL,0.9476923076923077,0.946236559139785,0.9469638739431206,0.953670795580881,1.0,17757,17106,651,80
albert,XGBoost,4,45,Magellan,1.0,1.0,1.0,1.0,1.0,49,42,7,80
albert,XGBoost,4,45,OpenData,0.9760765550239234,0.9807692307692307,0.9784172661870504,0.9813355232532408,1.0,76454,75206,1248,80
albert,XGBoost,4,45,TPC-DI,0.959114139693356,0.9574829931972789,0.9582978723404255,0.9707386094438022,1.0,15494,14906,588,80
albert,XGBoost,4,45,Wikidata,0.6666666666666666,0.5,0.5714285714285714,0.75,0.44696969696969696,196,188,8,80
bart,XGBoost,4,45,ChEMBL,0.9476923076923077,0.946236559139785,0.9469638739431206,0.953670795580881,1.0,17757,17106,651,80
bart,XGBoost,4,45,Magellan,1.0,1.0,1.0,1.0,1.0,49,42,7,80
bart,XGBoost,4,45,OpenData,0.9760765550239234,0.9807692307692307,0.9784172661870504,0.9813355232532408,1.0,76454,75206,1248,80
bart,XGBoost,4,45,TPC-DI,0.959114139693356,0.9574829931972789,0.9582978723404255,0.9707386094438022,1.0,15494,14906,588,80
bart,XGBoost,4,45,Wikidata,0.6666666666666666,0.5,0.5714285714285714,0.75,0.44696969696969696,196,188,8,80
bert,XGBoost,4,45,ChEMBL,0.9476923076923077,0.946236559139785,0.9469638739431206,0.953670795580881,1.0,17757,17106,651,80
bert,XGBoost,4,45,Magellan,1.0,1.0,1.0,1.0,1.0,49,42,7,80
bert,XGBoost,4,45,OpenData,0.9760765550239234,0.9807692307692307,0.9784172661870504,0.9813355232532408,1.0,76454,75206,1248,80
bert,XGBoost,4,45,TPC-DI,0.959114139693356,0.9574829931972789,0.9582978723404255,0.9707386094438022,1.0,15494,14906,588,80
bert,XGBoost,4,45,Wikidata,0.6666666666666666,0.5,0.5714285714285714,0.75,0.44696969696969696,196,188,8,80
distilbert,XGBoost,4,45,ChEMBL,0.9476923076923077,0.946236559139785,0.9469638739431206,0.953670795580881,1.0,17757,17106,651,80
distilbert,XGBoost,4,45,Magellan,1.0,1.0,1.0,1.0,1.0,49,42,7,80
distilbert,XGBoost,4,45,OpenData,0.9760765550239234,0.9807692307692307,0.9784172661870504,0.9813355232532408,1.0,76454,75206,1248,80
distilbert,XGBoost,4,45,TPC-DI,0.959114139693356,0.9574829931972789,0.9582978723404255,0.9707386094438022,1.0,15494,14906,588,80
distilbert,XGBoost,4,45,Wikidata,0.6666666666666666,0.5,0.5714285714285714,0.75,0.44696969696969696,196,188,8,80
minilm,XGBoost,4,45,ChEMBL,0.9490740740740741,0.9447004608294931,0.9468822170900693,0.9511416914693421,1.0,17757,17106,651,80
minilm,XGBoost,4,45,Magellan,1.0,1.0,1.0,1.0,1.0,49,42,7,80
minilm,XGBoost,4,45,OpenData,0.9753184713375797,0.9815705128205128,0.9784345047923323,0.9821525167172932,1.0,76454,75206,1248,80
minilm,XGBoost,4,45,TPC-DI,0.9675767918088737,0.9642857142857143,0.9659284497444633,0.9678419951443668,1.0,15494,14906,588,80
minilm,XGBoost,4,45,Wikidata,0.8333333333333334,0.625,0.7142857142857143,0.75,0.45,196,188,8,80
roberta,XGBoost,4,45,ChEMBL,0.9476923076923077,0.946236559139785,0.9469638739431206,0.953670795580881,1.0,17757,17106,651,80
roberta,XGBoost,4,45,Magellan,1.0,1.0,1.0,1.0,1.0,49,42,7,80
roberta,XGBoost,4,45,OpenData,0.9760765550239234,0.9807692307692307,0.9784172661870504,0.9813355232532408,1.0,76454,75206,1248,80
roberta,XGBoost,4,45,TPC-DI,0.959114139693356,0.9574829931972789,0.9582978723404255,0.9707386094438022,1.0,15494,14906,588,80
roberta,XGBoost,4,45,Wikidata,0.6666666666666666,0.5,0.5714285714285714,0.75,0.44696969696969696,196,188,8,80
albert,XGBoost,5,46,ChEMBL,0.9436363636363636,0.8856655290102389,0.9137323943661971,0.9028272276362364,1.0,16094,15508,586,80
albert,XGBoost,5,46,Magellan,1.0,1.0,1.0,1.0,1.0,142,122,20,80
albert,XGBoost,5,46,OpenData,0.9646017699115044,0.9738831615120275,0.96922024623803,0.9759396189335774,1.0,87053,85598,1455,80
albert,XGBoost,5,46,TPC-DI,0.9526143790849673,0.9372990353697749,0.9448946515397083,0.9568484417754064,1.0,15950,15328,622,80
albert,XGBoost,5,46,Wikidata,0.0,0.0,0.0,,0.0,934,934,0,80
bart,XGBoost,5,46,ChEMBL,0.9436363636363636,0.8856655290102389,0.9137323943661971,0.9028272276362364,1.0,16094,15508,586,80
bart,XGBoost,5,46,Magellan,1.0,1.0,1.0,1.0,1.0,142,122,20,80
bart,XGBoost,5,46,OpenData,0.9646017699115044,0.9738831615120275,0.96922024623803,0.9759396189335774,1.0,87053,85598,1455,80
bart,XGBoost,5,46,TPC-DI,0.9526143790849673,0.9372990353697749,0.9448946515397083,0.9568484417754064,1.0,15950,15328,622,80
bart,XGBoost,5,46,Wikidata,0.0,0.0,0.0,,0.0,934,934,0,80
bert,XGBoost,5,46,ChEMBL,0.9436363636363636,0.8856655290102389,0.9137323943661971,0.9028272276362364,1.0,16094,15508,586,80
bert,XGBoost,5,46,Magellan,1.0,1.0,1.0,1.0,1.0,142,122,20,80
bert,XGBoost,5,46,OpenData,0.9646017699115044,0.9738831615120275,0.96922024623803,0.9759396189335774,1.0,87053,85598,1455,80
bert,XGBoost,5,46,TPC-DI,0.9526143790849673,0.9372990353697749,0.9448946515397083,0.9568484417754064,1.0,15950,15328,622,80
bert,XGBoost,5,46,Wikidata,0.0,0.0,0.0,,0.0,934,934,0,80
distilbert,XGBoost,5,46,ChEMBL,0.9436363636363636,0.8856655290102389,0.9137323943661971,0.9028272276362364,1.0,16094,15508,586,80
distilbert,XGBoost,5,46,Magellan,1.0,1.0,1.0,1.0,1.0,142,122,20,80
distilbert,XGBoost,5,46,OpenData,0.9646017699115044,0.9738831615120275,0.96922024623803,0.9759396189335774,1.0,87053,85598,1455,80
distilbert,XGBoost,5,46,TPC-DI,0.9526143790849673,0.9372990353697749,0.9448946515397083,0.9568484417754064,1.0,15950,15328,622,80
distilbert,XGBoost,5,46,Wikidata,0.0,0.0,0.0,,0.0,934,934,0,80
minilm,XGBoost,5,46,ChEMBL,0.9420289855072463,0.8873720136518771,0.9138840070298769,0.9109829156785025,1.0,16094,15508,586,80
minilm,XGBoost,5,46,Magellan,1.0,1.0,1.0,1.0,1.0,142,122,20,80
minilm,XGBoost,5,46,OpenData,0.9665071770334929,0.9718213058419244,0.9691569568197396,0.9745529600516623,1.0,87053,85598,1455,80
minilm,XGBoost,5,46,TPC-DI,0.955810147299509,0.9389067524115756,0.9472830494728305,0.9550475805995453,1.0,15950,15328,622,80
minilm,XGBoost,5,46,Wikidata,0.0,0.0,0.0,,0.0,934,934,0,80
roberta,XGBoost,5,46,ChEMBL,0.9436363636363636,0.8856655290102389,0.9137323943661971,0.9028272276362364,1.0,16094,15508,586,80
roberta,XGBoost,5,46,Magellan,1.0,1.0,1.0,1.0,1.0,142,122,20,80
roberta,XGBoost,5,46,OpenData,0.9646017699115044,0.9738831615120275,0.96922024623803,0.9759396189335774,1.0,87053,85598,1455,80
roberta,XGBoost,5,46,TPC-DI,0.9526143790849673,0.9372990353697749,0.9448946515397083,0.9568484417754064,1.0,15950,15328,622,80
roberta,XGBoost,5,46,Wikidata,0.0,0.0,0.0,,0.0,934,934,0,80
albert,XGBoost,6,47,ChEMBL,0.9311475409836065,0.9594594594594594,0.9450915141430949,0.9534980915604735,1.0,15893,15301,592,80
albert,XGBoost,6,47,Magellan,1.0,1.0,1.0,1.0,1.0,25,20,5,80
albert,XGBoost,6,47,OpenData,0.9727520435967303,0.9909784871616932,0.9817806806462702,0.9879595691624308,1.0,86447,85006,1441,80
albert,XGBoost,6,47,TPC-DI,0.9516616314199395,0.9603658536585366,0.9559939301972686,0.9613199385468445,1.0,16908,16252,656,80
albert,XGBoost,6,47,Wikidata,0.6,0.375,0.46153846153846156,0.75,0.44642857142857145,196,188,8,80
bart,XGBoost,6,47,ChEMBL,0.9311475409836065,0.9594594594594594,0.9450915141430949,0.9534980915604735,1.0,15893,15301,592,80
bart,XGBoost,6,47,Magellan,1.0,1.0,1.0,1.0,1.0,25,20,5,80
bart,XGBoost,6,47,OpenData,0.9727520435967303,0.9909784871616932,0.9817806806462702,0.9879595691624308,1.0,86447,85006,1441,80
bart,XGBoost,6,47,TPC-DI,0.9516616314199395,0.9603658536585366,0.9559939301972686,0.9613199385468445,1.0,16908,16252,656,80
bart,XGBoost,6,47,Wikidata,0.6,0.375,0.46153846153846156,0.75,0.44642857142857145,196,188,8,80
bert,XGBoost,6,47,ChEMBL,0.9311475409836065,0.9594594594594594,0.9450915141430949,0.9534980915604735,1.0,15893,15301,592,80
bert,XGBoost,6,47,Magellan,1.0,1.0,1.0,1.0,1.0,25,20,5,80
bert,XGBoost,6,47,OpenData,0.9727520435967303,0.9909784871616932,0.9817806806462702,0.9879595691624308,1.0,86447,85006,1441,80
bert,XGBoost,6,47,TPC-DI,0.9516616314199395,0.9603658536585366,0.9559939301972686,0.9613199385468445,1.0,16908,16252,656,80
bert,XGBoost,6,47,Wikidata,0.6,0.375,0.46153846153846156,0.75,0.44642857142857145,196,188,8,80
distilbert,XGBoost,6,47,ChEMBL,0.9311475409836065,0.9594594594594594,0.9450915141430949,0.9534980915604735,1.0,15893,15301,592,80
distilbert,XGBoost,6,47,Magellan,1.0,1.0,1.0,1.0,1.0,25,20,5,80
distilbert,XGBoost,6,47,OpenData,0.9727520435967303,0.9909784871616932,0.9817806806462702,0.9879595691624308,1.0,86447,85006,1441,80
distilbert,XGBoost,6,47,TPC-DI,0.9516616314199395,0.9603658536585366,0.9559939301972686,0.9613199385468445,1.0,16908,16252,656,80
distilbert,XGBoost,6,47,Wikidata,0.6,0.375,0.46153846153846156,0.75,0.44642857142857145,196,188,8,80
minilm,XGBoost,6,47,ChEMBL,0.9371900826446281,0.9577702702702703,0.9473684210526315,0.9609618596764153,1.0,15893,15301,592,80
minilm,XGBoost,6,47,Magellan,1.0,1.0,1.0,1.0,1.0,25,20,5,80
minilm,XGBoost,6,47,OpenData,0.9720136518771331,0.9882026370575989,0.9800412938747419,0.9864723572387861,1.0,86447,85006,1441,80
minilm,XGBoost,6,47,TPC-DI,0.9559939301972686,0.9603658536585366,0.9581749049429658,0.966921937985516,1.0,16908,16252,656,80
minilm,XGBoost,6,47,Wikidata,0.6,0.375,0.46153846153846156,0.75,0.44472789115646255,196,188,8,80
roberta,XGBoost,6,47,ChEMBL,0.9311475409836065,0.9594594594594594,0.9450915141430949,0.9534980915604735,1.0,15893,15301,592,80
roberta,XGBoost,6,47,Magellan,1.0,1.0,1.0,1.0,1.0,25,20,5,80
roberta,XGBoost,6,47,OpenData,0.9727520435967303,0.9909784871616932,0.9817806806462702,0.9879595691624308,1.0,86447,85006,1441,80
roberta,XGBoost,6,47,TPC-DI,0.9516616314199395,0.9603658536585366,0.9559939301972686,0.9613199385468445,1.0,16908,16252,656,80
roberta,XGBoost,6,47,Wikidata,0.6,0.375,0.46153846153846156,0.75,0.44642857142857145,196,188,8,80
albert,XGBoost,7,48,ChEMBL,0.9519071310116086,0.9566666666666667,0.9542809642560266,0.9589886963138379,1.0,16197,15597,600,80
albert,XGBoost,7,48,Magellan,1.0,1.0,1.0,1.0,1.0,49,42,7,80
albert,XGBoost,7,48,OpenData,0.9716908951798011,0.9694656488549618,0.9705769965609476,0.9746662691291846,1.0,79123,77813,1310,80
albert,XGBoost,7,48,TPC-DI,0.9577677224736049,0.9621212121212122,0.9599395313681028,0.9653591202278506,1.0,17050,16390,660,80
albert,XGBoost,7,48,Wikidata,0.0,0.0,0.0,,0.0,934,934,0,80
bart,XGBoost,7,48,ChEMBL,0.9519071310116086,0.9566666666666667,0.9542809642560266,0.9589886963138379,1.0,16197,15597,600,80
bart,XGBoost,7,48,Magellan,1.0,1.0,1.0,1.0,1.0,49,42,7,80
bart,XGBoost,7,48,OpenData,0.9716908951798011,0.9694656488549618,0.9705769965609476,0.9746662691291846,1.0,79123,77813,1310,80
bart,XGBoost,7,48,TPC-DI,0.9577677224736049,0.9621212121212122,0.9599395313681028,0.9653591202278506,1.0,17050,16390,660,80
bart,XGBoost,7,48,Wikidata,0.0,0.0,0.0,,0.0,934,934,0,80
bert,XGBoost,7,48,ChEMBL,0.9519071310116086,0.9566666666666667,0.9542809642560266,0.9589886963138379,1.0,16197,15597,600,80
bert,XGBoost,7,48,Magellan,1.0,1.0,1.0,1.0,1.0,49,42,7,80
bert,XGBoost,7,48,OpenData,0.9716908951798011,0.9694656488549618,0.9705769965609476,0.9746662691291846,1.0,79123,77813,1310,80
bert,XGBoost,7,48,TPC-DI,0.9577677224736049,0.9621212121212122,0.9599395313681028,0.9653591202278506,1.0,17050,16390,660,80
bert,XGBoost,7,48,Wikidata,0.0,0.0,0.0,,0.0,934,934,0,80
distilbert,XGBoost,7,48,ChEMBL,0.9519071310116086,0.9566666666666667,0.9542809642560266,0.9589886963138379,1.0,16197,15597,600,80
distilbert,XGBoost,7,48,Magellan,1.0,1.0,1.0,1.0,1.0,49,42,7,80
distilbert,XGBoost,7,48,OpenData,0.9716908951798011,0.9694656488549618,0.9705769965609476,0.9746662691291846,1.0,79123,77813,1310,80
distilbert,XGBoost,7,48,TPC-DI,0.9577677224736049,0.9621212121212122,0.9599395313681028,0.9653591202278506,1.0,17050,16390,660,80
distilbert,XGBoost,7,48,Wikidata,0.0,0.0,0.0,,0.0,934,934,0,80
minilm,XGBoost,7,48,ChEMBL,0.9519071310116086,0.9566666666666667,0.9542809642560266,0.9589886963138379,1.0,16197,15597,600,80
minilm,XGBoost,7,48,Magellan,1.0,1.0,1.0,1.0,1.0,49,42,7,80
minilm,XGBoost,7,48,OpenData,0.9716908951798011,0.9694656488549618,0.9705769965609476,0.9746662691291846,1.0,79123,77813,1310,80
minilm,XGBoost,7,48,TPC-DI,0.9577677224736049,0.9621212121212122,0.9599395313681028,0.9653591202278506,1.0,17050,16390,660,80
minilm,XGBoost,7,48,Wikidata,0.0,0.0,0.0,,0.0,934,934,0,80
roberta,XGBoost,7,48,ChEMBL,0.9519071310116086,0.9566666666666667,0.9542809642560266,0.9589886963138379,1.0,16197,15597,600,80
roberta,XGBoost,7,48,Magellan,1.0,1.0,1.0,1.0,1.0,49,42,7,80
roberta,XGBoost,7,48,OpenData,0.9716908951798011,0.9694656488549618,0.9705769965609476,0.9746662691291846,1.0,79123,77813,1310,80
roberta,XGBoost,7,48,TPC-DI,0.9577677224736049,0.9621212121212122,0.9599395313681028,0.9653591202278506,1.0,17050,16390,660,80
roberta,XGBoost,7,48,Wikidata,0.0,0.0,0.0,,0.0,934,934,0,80
albert,XGBoost,8,49,ChEMBL,0.9590163934426229,0.975,0.9669421487603306,0.9764508984823826,1.0,15749,15149,600,80
albert,XGBoost,8,49,Magellan,1.0,1.0,1.0,1.0,1.0,74,62,12,80
albert,XGBoost,8,49,OpenData,0.9740634005763689,0.9811320754716981,0.9775849602313811,0.9870534903125628,1.0,83345,81967,1378,80
albert,XGBoost,8,49,TPC-DI,0.967409948542024,0.9447236180904522,0.9559322033898305,0.9616678186880587,1.0,15792,15195,597,80
albert,XGBoost,8,49,Wikidata,0.9090909090909091,0.37037037037037035,0.5263157894736842,0.631578947368421,0.6659463601532567,596,569,27,80
bart,XGBoost,8,49,ChEMBL,0.9590163934426229,0.975,0.9669421487603306,0.9764508984823826,1.0,15749,15149,600,80
bart,XGBoost,8,49,Magellan,1.0,1.0,1.0,1.0,1.0,74,62,12,80
bart,XGBoost,8,49,OpenData,0.9740634005763689,0.9811320754716981,0.9775849602313811,0.9870534903125628,1.0,83345,81967,1378,80
bart,XGBoost,8,49,TPC-DI,0.967409948542024,0.9447236180904522,0.9559322033898305,0.9616678186880587,1.0,15792,15195,597,80
bart,XGBoost,8,49,Wikidata,0.9090909090909091,0.37037037037037035,0.5263157894736842,0.631578947368421,0.6659463601532567,596,569,27,80
bert,XGBoost,8,49,ChEMBL,0.9590163934426229,0.975,0.9669421487603306,0.9764508984823826,1.0,15749,15149,600,80
bert,XGBoost,8,49,Magellan,1.0,1.0,1.0,1.0,1.0,74,62,12,80
bert,XGBoost,8,49,OpenData,0.9740634005763689,0.9811320754716981,0.9775849602313811,0.9870534903125628,1.0,83345,81967,1378,80
bert,XGBoost,8,49,TPC-DI,0.967409948542024,0.9447236180904522,0.9559322033898305,0.9616678186880587,1.0,15792,15195,597,80
bert,XGBoost,8,49,Wikidata,0.9090909090909091,0.37037037037037035,0.5263157894736842,0.631578947368421,0.6659463601532567,596,569,27,80
distilbert,XGBoost,8,49,ChEMBL,0.9590163934426229,0.975,0.9669421487603306,0.9764508984823826,1.0,15749,15149,600,80
distilbert,XGBoost,8,49,Magellan,1.0,1.0,1.0,1.0,1.0,74,62,12,80
distilbert,XGBoost,8,49,OpenData,0.9740634005763689,0.9811320754716981,0.9775849602313811,0.9870534903125628,1.0,83345,81967,1378,80
distilbert,XGBoost,8,49,TPC-DI,0.967409948542024,0.9447236180904522,0.9559322033898305,0.9616678186880587,1.0,15792,15195,597,80
distilbert,XGBoost,8,49,Wikidata,0.9090909090909091,0.37037037037037035,0.5263157894736842,0.631578947368421,0.6659463601532567,596,569,27,80
minilm,XGBoost,8,49,ChEMBL,0.9545454545454546,0.98,0.9671052631578947,0.9706840091997513,1.0,15749,15149,600,80
minilm,XGBoost,8,49,Magellan,1.0,1.0,1.0,1.0,1.0,74,62,12,80
minilm,XGBoost,8,49,OpenData,0.9665003563791874,0.9840348330914369,0.9751887810140237,0.9840795298433462,1.0,83345,81967,1378,80
minilm,XGBoost,8,49,TPC-DI,0.9758620689655172,0.948073701842546,0.9617672047578589,0.957234442559848,1.0,15792,15195,597,80
minilm,XGBoost,8,49,Wikidata,0.9090909090909091,0.37037037037037035,0.5263157894736842,0.6842105263157895,0.6903703703703703,596,569,27,80
roberta,XGBoost,8,49,ChEMBL,0.9590163934426229,0.975,0.9669421487603306,0.9764508984823826,1.0,15749,15149,600,80
roberta,XGBoost,8,49,Magellan,1.0,1.0,1.0,1.0,1.0,74,62,12,80
roberta,XGBoost,8,49,OpenData,0.9740634005763689,0.9811320754716981,0.9775849602313811,0.9870534903125628,1.0,83345,81967,1378,80
roberta,XGBoost,8,49,TPC-DI,0.967409948542024,0.9447236180904522,0.9559322033898305,0.9616678186880587,1.0,15792,15195,597,80
roberta,XGBoost,8,49,Wikidata,0.9090909090909091,0.37037037037037035,0.5263157894736842,0.631578947368421,0.6659463601532567,596,569,27,80
albert,XGBoost,9,50,ChEMBL,0.9538077403245943,0.9794871794871794,0.9664769133459835,0.9748724997753789,1.0,20046,19266,780,80
albert,XGBoost,9,50,OpenData,0.9748376623376623,0.982011447260834,0.9784114052953157,0.9896804953752951,1.0,75060,73837,1223,80
albert,XGBoost,9,50,TPC-DI,0.9712351945854484,0.9845626072041166,0.9778534923339012,0.9955427758946821,1.0,15414,14831,583,80
albert,XGBoost,9,50,Wikidata,0.10869565217391304,1.0,0.19607843137254902,0.2,0.125,1103,1098,5,80
bart,XGBoost,9,50,ChEMBL,0.9538077403245943,0.9794871794871794,0.9664769133459835,0.9748724997753789,1.0,20046,19266,780,80
bart,XGBoost,9,50,OpenData,0.9748376623376623,0.982011447260834,0.9784114052953157,0.9896804953752951,1.0,75060,73837,1223,80
bart,XGBoost,9,50,TPC-DI,0.9712351945854484,0.9845626072041166,0.9778534923339012,0.9955427758946821,1.0,15414,14831,583,80
bart,XGBoost,9,50,Wikidata,0.10869565217391304,1.0,0.19607843137254902,0.2,0.125,1103,1098,5,80
bert,XGBoost,9,50,ChEMBL,0.9538077403245943,0.9794871794871794,0.9664769133459835,0.9748724997753789,1.0,20046,19266,780,80
bert,XGBoost,9,50,OpenData,0.9748376623376623,0.982011447260834,0.9784114052953157,0.9896804953752951,1.0,75060,73837,1223,80
bert,XGBoost,9,50,TPC-DI,0.9712351945854484,0.9845626072041166,0.9778534923339012,0.9955427758946821,1.0,15414,14831,583,80
bert,XGBoost,9,50,Wikidata,0.10869565217391304,1.0,0.19607843137254902,0.2,0.125,1103,1098,5,80
distilbert,XGBoost,9,50,ChEMBL,0.9538077403245943,0.9794871794871794,0.9664769133459835,0.9748724997753789,1.0,20046,19266,780,80
distilbert,XGBoost,9,50,OpenData,0.9748376623376623,0.982011447260834,0.9784114052953157,0.9896804953752951,1.0,75060,73837,1223,80
distilbert,XGBoost,9,50,TPC-DI,0.9712351945854484,0.9845626072041166,0.9778534923339012,0.9955427758946821,1.0,15414,14831,583,80
distilbert,XGBoost,9,50,Wikidata,0.10869565217391304,1.0,0.19607843137254902,0.2,0.125,1103,1098,5,80
minilm,XGBoost,9,50,ChEMBL,0.9609571788413098,0.9782051282051282,0.9695044472681067,0.9721962810665515,1.0,20046,19266,780,80
minilm,XGBoost,9,50,OpenData,0.9741935483870968,0.9877350776778414,0.9809175801867641,0.9919192370258013,1.0,75060,73837,1223,80
minilm,XGBoost,9,50,TPC-DI,0.9712351945854484,0.9845626072041166,0.9778534923339012,0.9977072780591842,1.0,15414,14831,583,80
minilm,XGBoost,9,50,Wikidata,0.08888888888888889,0.8,0.16,0.4,0.14583333333333331,1103,1098,5,80
roberta,XGBoost,9,50,ChEMBL,0.9538077403245943,0.9794871794871794,0.9664769133459835,0.9748724997753789,1.0,20046,19266,780,80
roberta,XGBoost,9,50,OpenData,0.9748376623376623,0.982011447260834,0.9784114052953157,0.9896804953752951,1.0,75060,73837,1223,80
roberta,XGBoost,9,50,TPC-DI,0.9712351945854484,0.9845626072041166,0.9778534923339012,0.9955427758946821,1.0,15414,14831,583,80
roberta,XGBoost,9,50,Wikidata,0.10869565217391304,1.0,0.19607843137254902,0.2,0.125,1103,1098,5,80
albert,XGBoost,10,51,ChEMBL,0.9708588957055214,0.9634703196347032,0.9671504965622613,0.9681459267412258,1.0,17339,16682,657,80
albert,XGBoost,10,51,Magellan,1.0,1.0,1.0,1.0,1.0,99,82,17,80
albert,XGBoost,10,51,OpenData,0.9784345047923323,0.9729944400317713,0.9757068896853843,0.9788582170419116,1.0,78305,77046,1259,80
albert,XGBoost,10,51,TPC-DI,0.9664,0.975767366720517,0.9710610932475884,0.9762413789775107,1.0,16094,15475,619,80
albert,XGBoost,10,51,Wikidata,0.0,0.0,0.0,,0.0,934,934,0,80
bart,XGBoost,10,51,ChEMBL,0.9708588957055214,0.9634703196347032,0.9671504965622613,0.9681459267412258,1.0,17339,16682,657,80
bart,XGBoost,10,51,Magellan,1.0,1.0,1.0,1.0,1.0,99,82,17,80
bart,XGBoost,10,51,OpenData,0.9784345047923323,0.9729944400317713,0.9757068896853843,0.9788582170419116,1.0,78305,77046,1259,80
bart,XGBoost,10,51,TPC-DI,0.9664,0.975767366720517,0.9710610932475884,0.9762413789775107,1.0,16094,15475,619,80
bart,XGBoost,10,51,Wikidata,0.0,0.0,0.0,,0.0,934,934,0,80
bert,XGBoost,10,51,ChEMBL,0.9708588957055214,0.9634703196347032,0.9671504965622613,0.9681459267412258,1.0,17339,16682,657,80
bert,XGBoost,10,51,Magellan,1.0,1.0,1.0,1.0,1.0,99,82,17,80
bert,XGBoost,10,51,OpenData,0.9784345047923323,0.9729944400317713,0.9757068896853843,0.9788582170419116,1.0,78305,77046,1259,80
bert,XGBoost,10,51,TPC-DI,0.9664,0.975767366720517,0.9710610932475884,0.9762413789775107,1.0,16094,15475,619,80
bert,XGBoost,10,51,Wikidata,0.0,0.0,0.0,,0.0,934,934,0,80
distilbert,XGBoost,10,51,ChEMBL,0.9708588957055214,0.9634703196347032,0.9671504965622613,0.9681459267412258,1.0,17339,16682,657,80
distilbert,XGBoost,10,51,Magellan,1.0,1.0,1.0,1.0,1.0,99,82,17,80
distilbert,XGBoost,10,51,OpenData,0.9784345047923323,0.9729944400317713,0.9757068896853843,0.9788582170419116,1.0,78305,77046,1259,80
distilbert,XGBoost,10,51,TPC-DI,0.9664,0.975767366720517,0.9710610932475884,0.9762413789775107,1.0,16094,15475,619,80
distilbert,XGBoost,10,51,Wikidata,0.0,0.0,0.0,,0.0,934,934,0,80
minilm,XGBoost,10,51,ChEMBL,0.9694189602446484,0.9649923896499238,0.9672006102212052,0.9686896109430809,1.0,17339,16682,657,80
minilm,XGBoost,10,51,Magellan,1.0,1.0,1.0,1.0,1.0,99,82,17,80
minilm,XGBoost,10,51,OpenData,0.9777070063694268,0.9753772835583797,0.9765407554671968,0.9774558681074464,1.0,78305,77046,1259,80
minilm,XGBoost,10,51,TPC-DI,0.9602543720190779,0.975767366720517,0.967948717948718,0.9724469125743487,1.0,16094,15475,619,80
minilm,XGBoost,10,51,Wikidata,0.0,0.0,0.0,,0.0,934,934,0,80
roberta,XGBoost,10,51,ChEMBL,0.9708588957055214,0.9634703196347032,0.9671504965622613,0.9681459267412258,1.0,17339,16682,657,80
roberta,XGBoost,10,51,Magellan,1.0,1.0,1.0,1.0,1.0,99,82,17,80
roberta,XGBoost,10,51,OpenData,0.9784345047923323,0.9729944400317713,0.9757068896853843,0.9788582170419116,1.0,78305,77046,1259,80
roberta,XGBoost,10,51,TPC-DI,0.9664,0.975767366720517,0.9710610932475884,0.9762413789775107,1.0,16094,15475,619,80
roberta,XGBoost,10,51,Wikidata,0.0,0.0,0.0,,0.0,934,934,0,80
