embedding_model,classifier,repeat,seed,precision,recall,f1,nb_0,nb_1,elapsed_train,elapsed_test
albert,RandomForest,1,42,0.993984266543267,0.8245681381957773,0.9013848090642048,112913,2605,224.70682,2.30637
albert,LogisticRegression,1,42,0.3060291574005436,0.9508637236084453,0.4630339284045238,112913,2605,104.12765,0.0184
albert,KNN,1,42,0.9691542288557214,0.7477927063339731,0.8442036836403034,112913,2605,0.18522,106.58759
albert,MLP,1,42,0.9128022195798653,0.8840690978886756,0.8982059282371295,112913,2605,105.50809,0.10949
albert,CatBoost,1,42,0.8947916666666667,0.9892514395393474,0.9396536007292616,112913,2605,60.89473,0.13628
albert,XGBoost,1,42,0.9657534246575342,0.9742802303262956,0.969998089050258,112913,2605,15.46448,0.37881
bart,RandomForest,1,42,0.993984266543267,0.8245681381957773,0.9013848090642048,112913,2605,224.46428,2.29603
bart,LogisticRegression,1,42,0.3060291574005436,0.9508637236084453,0.4630339284045238,112913,2605,103.18572,0.016
bart,KNN,1,42,0.9691542288557214,0.7477927063339731,0.8442036836403034,112913,2605,0.18945,105.97088
bart,MLP,1,42,0.9128022195798653,0.8840690978886756,0.8982059282371295,112913,2605,106.41375,0.10971
bart,CatBoost,1,42,0.8947916666666667,0.9892514395393474,0.9396536007292616,112913,2605,60.79307,0.12631
bart,XGBoost,1,42,0.9657534246575342,0.9742802303262956,0.969998089050258,112913,2605,15.48139,0.37859
bert,RandomForest,1,42,0.993984266543267,0.8245681381957773,0.9013848090642048,112913,2605,224.40057,2.21313
bert,LogisticRegression,1,42,0.3060291574005436,0.9508637236084453,0.4630339284045238,112913,2605,108.52673,0.01612
bert,KNN,1,42,0.9691542288557214,0.7477927063339731,0.8442036836403034,112913,2605,0.18747,104.63884
bert,MLP,1,42,0.9128022195798653,0.8840690978886756,0.8982059282371295,112913,2605,105.99898,0.10952
bert,CatBoost,1,42,0.8947916666666667,0.9892514395393474,0.9396536007292616,112913,2605,61.00035,0.1346
bert,XGBoost,1,42,0.9657534246575342,0.9742802303262956,0.969998089050258,112913,2605,15.3463,0.36685
distilbert,RandomForest,1,42,0.993984266543267,0.8245681381957773,0.9013848090642048,112913,2605,222.37165,2.24241
distilbert,LogisticRegression,1,42,0.3060291574005436,0.9508637236084453,0.4630339284045238,112913,2605,108.99424,0.01499
distilbert,KNN,1,42,0.9691542288557214,0.7477927063339731,0.8442036836403034,112913,2605,0.18274,106.2092
distilbert,MLP,1,42,0.9128022195798653,0.8840690978886756,0.8982059282371295,112913,2605,105.92557,0.10935
distilbert,CatBoost,1,42,0.8947916666666667,0.9892514395393474,0.9396536007292616,112913,2605,59.83071,0.12892
distilbert,XGBoost,1,42,0.9657534246575342,0.9742802303262956,0.969998089050258,112913,2605,15.342,0.37215
minilm,RandomForest,1,42,0.9963319578175149,0.8341650671785029,0.9080651901379022,112913,2605,223.25558,2.22519
minilm,LogisticRegression,1,42,0.29341886433832265,0.9481765834932822,0.44815386011067765,112913,2605,61.83782,0.01512
minilm,KNN,1,42,0.9691542288557214,0.7477927063339731,0.8442036836403034,112913,2605,0.18554,105.11503
minilm,MLP,1,42,0.901556420233463,0.8894433781190019,0.8954589371980677,112913,2605,112.9493,0.13225
minilm,CatBoost,1,42,0.8605271938605272,0.9900191938579654,0.920742591931453,112913,2605,60.19468,0.13368
minilm,XGBoost,1,42,0.9621068586585828,0.9746641074856046,0.9683447749809306,112913,2605,15.0132,0.37538
roberta,RandomForest,1,42,0.993984266543267,0.8245681381957773,0.9013848090642048,112913,2605,222.02092,2.22875
roberta,LogisticRegression,1,42,0.3060291574005436,0.9508637236084453,0.4630339284045238,112913,2605,103.73512,0.01499
roberta,KNN,1,42,0.9691542288557214,0.7477927063339731,0.8442036836403034,112913,2605,0.18379,105.16145
roberta,MLP,1,42,0.9128022195798653,0.8840690978886756,0.8982059282371295,112913,2605,105.52465,0.10889
roberta,CatBoost,1,42,0.8947916666666667,0.9892514395393474,0.9396536007292616,112913,2605,59.90926,0.12667
roberta,XGBoost,1,42,0.9657534246575342,0.9742802303262956,0.969998089050258,112913,2605,15.78045,0.37357
albert,RandomForest,2,43,0.9944700460829493,0.8284069097888676,0.9038743455497382,112913,2605,229.35585,2.22705
albert,LogisticRegression,2,43,0.29932950191570884,0.9596928982725528,0.45632928721365335,112913,2605,101.87083,0.01505
albert,KNN,2,43,0.9658584858980702,0.7493282149712092,0.8439256376999568,112913,2605,0.18543,105.09981
albert,MLP,2,43,0.9134233518665608,0.8829174664107485,0.8979113800507516,112913,2605,142.01316,0.11163
albert,CatBoost,2,43,0.8931297709923665,0.9880998080614204,0.9382176052487698,112913,2605,64.07219,0.13279
albert,XGBoost,2,43,0.9603174603174603,0.9754318618042227,0.9678156541611121,112913,2605,15.62374,0.37801
bart,RandomForest,2,43,0.9944700460829493,0.8284069097888676,0.9038743455497382,112913,2605,224.26772,2.2042
bart,LogisticRegression,2,43,0.29932950191570884,0.9596928982725528,0.45632928721365335,112913,2605,102.92153,0.01494
bart,KNN,2,43,0.9658584858980702,0.7493282149712092,0.8439256376999568,112913,2605,0.18225,106.15692
bart,MLP,2,43,0.9134233518665608,0.8829174664107485,0.8979113800507516,112913,2605,142.54358,0.11163
bart,CatBoost,2,43,0.8931297709923665,0.9880998080614204,0.9382176052487698,112913,2605,63.42902,0.14725
bart,XGBoost,2,43,0.9603174603174603,0.9754318618042227,0.9678156541611121,112913,2605,15.30284,0.3752
bert,RandomForest,2,43,0.9944700460829493,0.8284069097888676,0.9038743455497382,112913,2605,223.99695,2.30013
bert,LogisticRegression,2,43,0.29932950191570884,0.9596928982725528,0.45632928721365335,112913,2605,102.40512,0.01501
bert,KNN,2,43,0.9658584858980702,0.7493282149712092,0.8439256376999568,112913,2605,0.18407,106.10462
bert,MLP,2,43,0.9134233518665608,0.8829174664107485,0.8979113800507516,112913,2605,143.00566,0.11121
bert,CatBoost,2,43,0.8931297709923665,0.9880998080614204,0.9382176052487698,112913,2605,63.6208,0.13296
bert,XGBoost,2,43,0.9603174603174603,0.9754318618042227,0.9678156541611121,112913,2605,15.56035,0.37875
distilbert,RandomForest,2,43,0.9944700460829493,0.8284069097888676,0.9038743455497382,112913,2605,224.05774,2.29207
distilbert,LogisticRegression,2,43,0.29932950191570884,0.9596928982725528,0.45632928721365335,112913,2605,103.73621,0.01519
distilbert,KNN,2,43,0.9658584858980702,0.7493282149712092,0.8439256376999568,112913,2605,0.18291,106.20595
distilbert,MLP,2,43,0.9134233518665608,0.8829174664107485,0.8979113800507516,112913,2605,144.08643,0.11261
distilbert,CatBoost,2,43,0.8931297709923665,0.9880998080614204,0.9382176052487698,112913,2605,62.89362,0.14087
distilbert,XGBoost,2,43,0.9603174603174603,0.9754318618042227,0.9678156541611121,112913,2605,15.53771,0.37906
minilm,RandomForest,2,43,0.9935483870967742,0.8276391554702495,0.9030366492146596,112913,2605,226.4205,2.43271
minilm,LogisticRegression,2,43,0.2987214720994145,0.9596928982725528,0.455622380171314,112913,2605,98.95894,0.01533
minilm,KNN,2,43,0.9658584858980702,0.7493282149712092,0.8439256376999568,112913,2605,0.18778,106.04439
minilm,MLP,2,43,0.9176376054640418,0.8767754318618042,0.8967412642324303,112913,2605,136.17712,0.11204
minilm,CatBoost,2,43,0.8574758574758575,0.9884836852207294,0.9183309557774608,112913,2605,63.3807,0.12356
minilm,XGBoost,2,43,0.960710238005289,0.9761996161228407,0.9683929931454683,112913,2605,15.71976,0.37832
roberta,RandomForest,2,43,0.9944700460829493,0.8284069097888676,0.9038743455497382,112913,2605,225.52226,2.4349
roberta,LogisticRegression,2,43,0.29932950191570884,0.9596928982725528,0.45632928721365335,112913,2605,105.86982,0.01532
roberta,KNN,2,43,0.9658584858980702,0.7493282149712092,0.8439256376999568,112913,2605,0.18785,106.18722
roberta,MLP,2,43,0.9134233518665608,0.8829174664107485,0.8979113800507516,112913,2605,143.37831,0.13627
roberta,CatBoost,2,43,0.8931297709923665,0.9880998080614204,0.9382176052487698,112913,2605,63.3698,0.13577
roberta,XGBoost,2,43,0.9603174603174603,0.9754318618042227,0.9678156541611121,112913,2605,15.44536,0.38165
albert,RandomForest,3,44,0.9954001839926403,0.8307101727447217,0.9056287926344424,112913,2605,226.99992,2.76198
albert,LogisticRegression,3,44,0.30247512739626303,0.9570057581573896,0.45966626717064624,112913,2605,68.40881,0.0149
albert,KNN,3,44,0.9612711022840119,0.7431861804222649,0.8382766832647759,112913,2605,0.18587,105.71885
albert,MLP,3,44,0.9207100591715977,0.8959692898272553,0.9081712062256809,112913,2605,154.83445,0.42388
albert,CatBoost,3,44,0.8908901974367855,0.9873320537428023,0.9366351056081573,112913,2605,64.1526,0.14583
albert,XGBoost,3,44,0.9583176868193767,0.9796545105566219,0.9688686408504176,112913,2605,15.538,0.37329
bart,RandomForest,3,44,0.9954001839926403,0.8307101727447217,0.9056287926344424,112913,2605,228.98145,2.48972
bart,LogisticRegression,3,44,0.30247512739626303,0.9570057581573896,0.45966626717064624,112913,2605,69.23683,0.01487
bart,KNN,3,44,0.9612711022840119,0.7431861804222649,0.8382766832647759,112913,2605,0.1834,105.88524
bart,MLP,3,44,0.9207100591715977,0.8959692898272553,0.9081712062256809,112913,2605,154.923,0.42418
bart,CatBoost,3,44,0.8908901974367855,0.9873320537428023,0.9366351056081573,112913,2605,63.02776,0.13163
bart,XGBoost,3,44,0.9583176868193767,0.9796545105566219,0.9688686408504176,112913,2605,15.47759,0.37799
bert,RandomForest,3,44,0.9954001839926403,0.8307101727447217,0.9056287926344424,112913,2605,228.25213,2.7643
bert,LogisticRegression,3,44,0.30247512739626303,0.9570057581573896,0.45966626717064624,112913,2605,69.16103,0.01526
bert,KNN,3,44,0.9612711022840119,0.7431861804222649,0.8382766832647759,112913,2605,0.18439,104.43889
bert,MLP,3,44,0.9207100591715977,0.8959692898272553,0.9081712062256809,112913,2605,155.63448,0.42426
bert,CatBoost,3,44,0.8908901974367855,0.9873320537428023,0.9366351056081573,112913,2605,63.78736,0.13974
bert,XGBoost,3,44,0.9583176868193767,0.9796545105566219,0.9688686408504176,112913,2605,15.46647,0.37888
distilbert,RandomForest,3,44,0.9954001839926403,0.8307101727447217,0.9056287926344424,112913,2605,228.91654,2.5131
distilbert,LogisticRegression,3,44,0.30247512739626303,0.9570057581573896,0.45966626717064624,112913,2605,68.76479,0.0149
distilbert,KNN,3,44,0.9612711022840119,0.7431861804222649,0.8382766832647759,112913,2605,0.18275,106.11568
distilbert,MLP,3,44,0.9207100591715977,0.8959692898272553,0.9081712062256809,112913,2605,154.97166,0.42429
distilbert,CatBoost,3,44,0.8908901974367855,0.9873320537428023,0.9366351056081573,112913,2605,62.81095,0.13974
distilbert,XGBoost,3,44,0.9583176868193767,0.9796545105566219,0.9688686408504176,112913,2605,15.55539,0.3759
minilm,RandomForest,3,44,0.9953895804518211,0.8287907869481765,0.9044826141600335,112913,2605,230.6401,2.49424
minilm,LogisticRegression,3,44,0.3026219956300073,0.9570057581573896,0.4598358387900028,112913,2605,106.82312,0.01486
minilm,KNN,3,44,0.9612711022840119,0.7431861804222649,0.8382766832647759,112913,2605,0.18417,105.95951
minilm,MLP,3,44,0.8996212121212122,0.9117082533589251,0.9056244041944709,112913,2605,153.79304,0.42556
minilm,CatBoost,3,44,0.8904679376083189,0.9861804222648752,0.9358834244080145,112913,2605,64.72258,0.13514
minilm,XGBoost,3,44,0.956912701386287,0.9804222648752399,0.968524838832006,112913,2605,15.75223,0.38603
roberta,RandomForest,3,44,0.9954001839926403,0.8307101727447217,0.9056287926344424,112913,2605,228.64968,2.49165
roberta,LogisticRegression,3,44,0.30247512739626303,0.9570057581573896,0.45966626717064624,112913,2605,68.56549,0.01527
roberta,KNN,3,44,0.9612711022840119,0.7431861804222649,0.8382766832647759,112913,2605,0.18473,106.1088
roberta,MLP,3,44,0.9207100591715977,0.8959692898272553,0.9081712062256809,112913,2605,155.37707,0.42541
roberta,CatBoost,3,44,0.8908901974367855,0.9873320537428023,0.9366351056081573,112913,2605,62.84813,0.13595
roberta,XGBoost,3,44,0.9583176868193767,0.9796545105566219,0.9688686408504176,112913,2605,15.42925,0.38094
albert,RandomForest,4,45,0.9925685090571296,0.8203454894433782,0.898276586801177,112913,2605,226.70098,2.48614
albert,LogisticRegression,4,45,0.3043318649045521,0.9547024952015355,0.46153846153846156,112913,2605,67.31085,0.01521
albert,KNN,4,45,0.9613095238095238,0.7439539347408829,0.8387794849599653,112913,2605,0.18541,104.5062
albert,MLP,4,45,0.9177165354330709,0.8948176583493282,0.9061224489795918,112913,2605,129.67957,0.11129
albert,CatBoost,4,45,0.8953407510431154,0.9884836852207294,0.9396095602992155,112913,2605,64.93282,0.14168
albert,XGBoost,4,45,0.9662495259764884,0.9781190019193858,0.9721480351011065,112913,2605,15.2427,0.38148
bart,RandomForest,4,45,0.9925685090571296,0.8203454894433782,0.898276586801177,112913,2605,227.19207,2.51921
bart,LogisticRegression,4,45,0.3043318649045521,0.9547024952015355,0.46153846153846156,112913,2605,68.05004,0.01488
bart,KNN,4,45,0.9613095238095238,0.7439539347408829,0.8387794849599653,112913,2605,0.18478,106.06427
bart,MLP,4,45,0.9177165354330709,0.8948176583493282,0.9061224489795918,112913,2605,129.1986,0.11368
bart,CatBoost,4,45,0.8953407510431154,0.9884836852207294,0.9396095602992155,112913,2605,63.91539,0.13355
bart,XGBoost,4,45,0.9662495259764884,0.9781190019193858,0.9721480351011065,112913,2605,15.48498,0.37829
bert,RandomForest,4,45,0.9925685090571296,0.8203454894433782,0.898276586801177,112913,2605,227.868,2.48267
bert,LogisticRegression,4,45,0.3043318649045521,0.9547024952015355,0.46153846153846156,112913,2605,66.69526,0.01493
bert,KNN,4,45,0.9613095238095238,0.7439539347408829,0.8387794849599653,112913,2605,0.18778,105.0819
bert,MLP,4,45,0.9177165354330709,0.8948176583493282,0.9061224489795918,112913,2605,130.08545,0.11104
bert,CatBoost,4,45,0.8953407510431154,0.9884836852207294,0.9396095602992155,112913,2605,64.77734,0.13503
bert,XGBoost,4,45,0.9662495259764884,0.9781190019193858,0.9721480351011065,112913,2605,15.20167,0.38155
distilbert,RandomForest,4,45,0.9925685090571296,0.8203454894433782,0.898276586801177,112913,2605,227.54595,2.35447
distilbert,LogisticRegression,4,45,0.3043318649045521,0.9547024952015355,0.46153846153846156,112913,2605,67.95506,0.01494
distilbert,KNN,4,45,0.9613095238095238,0.7439539347408829,0.8387794849599653,112913,2605,0.18389,104.51916
distilbert,MLP,4,45,0.9177165354330709,0.8948176583493282,0.9061224489795918,112913,2605,130.28569,0.10978
distilbert,CatBoost,4,45,0.8953407510431154,0.9884836852207294,0.9396095602992155,112913,2605,63.66322,0.14508
distilbert,XGBoost,4,45,0.9662495259764884,0.9781190019193858,0.9721480351011065,112913,2605,15.1996,0.38194
minilm,RandomForest,4,45,0.9925857275254866,0.8222648752399232,0.8994331303800126,112913,2605,225.18519,2.4167
minilm,LogisticRegression,4,45,0.30444362835108335,0.9547024952015355,0.461666976053462,112913,2605,62.44647,0.01496
minilm,KNN,4,45,0.9613095238095238,0.7439539347408829,0.8387794849599653,112913,2605,0.18753,105.15816
minilm,MLP,4,45,0.9321965083231831,0.8813819577735125,0.9060773480662984,112913,2605,125.39466,0.11108
minilm,CatBoost,4,45,0.8763166836561332,0.9900191938579654,0.9297043979812545,112913,2605,62.25473,0.14079
minilm,XGBoost,4,45,0.9662878787878788,0.9792706333973129,0.9727359389895138,112913,2605,15.42958,0.38135
roberta,RandomForest,4,45,0.9925685090571296,0.8203454894433782,0.898276586801177,112913,2605,226.89248,2.44923
roberta,LogisticRegression,4,45,0.3043318649045521,0.9547024952015355,0.46153846153846156,112913,2605,67.30519,0.01489
roberta,KNN,4,45,0.9613095238095238,0.7439539347408829,0.8387794849599653,112913,2605,0.18567,105.17991
roberta,MLP,4,45,0.9177165354330709,0.8948176583493282,0.9061224489795918,112913,2605,128.73908,0.11154
roberta,CatBoost,4,45,0.8953407510431154,0.9884836852207294,0.9396095602992155,112913,2605,63.50166,0.14068
roberta,XGBoost,4,45,0.9662495259764884,0.9781190019193858,0.9721480351011065,112913,2605,15.26639,0.38755
albert,RandomForest,5,46,0.9953746530989824,0.8261036468330134,0.9028739249003567,112913,2605,222.43045,2.43714
albert,LogisticRegression,5,46,0.30396367652472694,0.9508637236084453,0.46066579877254976,112913,2605,101.64161,0.01532
albert,KNN,5,46,0.9659427443237907,0.7512476007677543,0.8451738285467502,112913,2605,0.18779,104.44433
albert,MLP,5,46,0.9084615384615384,0.9067178502879079,0.9075888568683957,112913,2605,169.88814,0.42659
albert,CatBoost,5,46,0.9039070749736009,0.9857965451055662,0.9430774880646345,112913,2605,64.15022,0.13813
albert,XGBoost,5,46,0.9580498866213152,0.9731285988483686,0.965530375166635,112913,2605,15.42533,0.38074
bart,RandomForest,5,46,0.9953746530989824,0.8261036468330134,0.9028739249003567,112913,2605,222.18918,2.55477
bart,LogisticRegression,5,46,0.30396367652472694,0.9508637236084453,0.46066579877254976,112913,2605,102.39038,0.01539
bart,KNN,5,46,0.9659427443237907,0.7512476007677543,0.8451738285467502,112913,2605,0.18669,105.99976
bart,MLP,5,46,0.9084615384615384,0.9067178502879079,0.9075888568683957,112913,2605,169.8861,0.45094
bart,CatBoost,5,46,0.9039070749736009,0.9857965451055662,0.9430774880646345,112913,2605,63.22106,0.131
bart,XGBoost,5,46,0.9580498866213152,0.9731285988483686,0.965530375166635,112913,2605,15.18108,0.38051
bert,RandomForest,5,46,0.9953746530989824,0.8261036468330134,0.9028739249003567,112913,2605,222.50967,2.44682
bert,LogisticRegression,5,46,0.30396367652472694,0.9508637236084453,0.46066579877254976,112913,2605,101.53285,0.01566
bert,KNN,5,46,0.9659427443237907,0.7512476007677543,0.8451738285467502,112913,2605,0.18855,113.29839
bert,MLP,5,46,0.9084615384615384,0.9067178502879079,0.9075888568683957,112913,2605,170.04767,0.42536
bert,CatBoost,5,46,0.9039070749736009,0.9857965451055662,0.9430774880646345,112913,2605,63.74004,0.13037
bert,XGBoost,5,46,0.9580498866213152,0.9731285988483686,0.965530375166635,112913,2605,15.18706,0.38102
distilbert,RandomForest,5,46,0.9953746530989824,0.8261036468330134,0.9028739249003567,112913,2605,226.05412,2.45317
distilbert,LogisticRegression,5,46,0.30396367652472694,0.9508637236084453,0.46066579877254976,112913,2605,100.77088,0.01495
distilbert,KNN,5,46,0.9659427443237907,0.7512476007677543,0.8451738285467502,112913,2605,0.18688,106.01671
distilbert,MLP,5,46,0.9084615384615384,0.9067178502879079,0.9075888568683957,112913,2605,170.99543,0.42516
distilbert,CatBoost,5,46,0.9039070749736009,0.9857965451055662,0.9430774880646345,112913,2605,62.8967,0.13243
distilbert,XGBoost,5,46,0.9580498866213152,0.9731285988483686,0.965530375166635,112913,2605,15.25993,0.37787
minilm,RandomForest,5,46,0.9940257352941176,0.8303262955854127,0.9048316251830161,112913,2605,226.73667,2.52406
minilm,LogisticRegression,5,46,0.304075619936165,0.9508637236084453,0.46079434471211983,112913,2605,104.69513,0.01503
minilm,KNN,5,46,0.9659427443237907,0.7512476007677543,0.8451738285467502,112913,2605,0.18613,105.87905
minilm,MLP,5,46,0.9059273422562142,0.909404990403071,0.9076628352490421,112913,2605,149.94581,0.44732
minilm,CatBoost,5,46,0.89190128606187,0.9850287907869482,0.9361546880700474,112913,2605,63.97256,0.14048
minilm,XGBoost,5,46,0.9580815709969789,0.9738963531669865,0.9659242337711784,112913,2605,15.58645,0.38173
roberta,RandomForest,5,46,0.9953746530989824,0.8261036468330134,0.9028739249003567,112913,2605,224.71067,2.59058
roberta,LogisticRegression,5,46,0.30396367652472694,0.9508637236084453,0.46066579877254976,112913,2605,100.4209,0.01486
roberta,KNN,5,46,0.9659427443237907,0.7512476007677543,0.8451738285467502,112913,2605,0.1853,105.87073
roberta,MLP,5,46,0.9084615384615384,0.9067178502879079,0.9075888568683957,112913,2605,171.07781,0.42651
roberta,CatBoost,5,46,0.9039070749736009,0.9857965451055662,0.9430774880646345,112913,2605,62.77197,0.13165
roberta,XGBoost,5,46,0.9580498866213152,0.9731285988483686,0.965530375166635,112913,2605,15.13542,0.37899
albert,RandomForest,6,47,0.993521517815826,0.8241842610364684,0.9009651699538397,112913,2605,225.37124,2.4731
albert,LogisticRegression,6,47,0.30394088669950736,0.9474088291746641,0.4602331002331002,112913,2605,81.14834,0.01497
albert,KNN,6,47,0.9662698412698413,0.7477927063339731,0.8431075524778187,112913,2605,0.18447,105.68797
albert,MLP,6,47,0.9086687306501547,0.9013435700575816,0.9049913278088264,112913,2605,133.03307,0.42302
albert,CatBoost,6,47,0.8821710752318791,0.9857965451055662,0.9311094996374184,112913,2605,63.70622,0.13266
albert,XGBoost,6,47,0.9703618167821401,0.9677543186180422,0.9690563136651932,112913,2605,15.5631,0.38188
bart,RandomForest,6,47,0.993521517815826,0.8241842610364684,0.9009651699538397,112913,2605,226.05828,2.69178
bart,LogisticRegression,6,47,0.30394088669950736,0.9474088291746641,0.4602331002331002,112913,2605,81.59738,0.01487
bart,KNN,6,47,0.9662698412698413,0.7477927063339731,0.8431075524778187,112913,2605,0.18396,106.11406
bart,MLP,6,47,0.9086687306501547,0.9013435700575816,0.9049913278088264,112913,2605,132.89064,0.44655
bart,CatBoost,6,47,0.8821710752318791,0.9857965451055662,0.9311094996374184,112913,2605,61.97467,0.13291
bart,XGBoost,6,47,0.9703618167821401,0.9677543186180422,0.9690563136651932,112913,2605,15.38143,0.38338
bert,RandomForest,6,47,0.993521517815826,0.8241842610364684,0.9009651699538397,112913,2605,225.59314,2.41646
bert,LogisticRegression,6,47,0.30394088669950736,0.9474088291746641,0.4602331002331002,112913,2605,82.02587,0.01486
bert,KNN,6,47,0.9662698412698413,0.7477927063339731,0.8431075524778187,112913,2605,0.18557,105.96855
bert,MLP,6,47,0.9086687306501547,0.9013435700575816,0.9049913278088264,112913,2605,133.44574,0.42152
bert,CatBoost,6,47,0.8821710752318791,0.9857965451055662,0.9311094996374184,112913,2605,61.88268,0.14247
bert,XGBoost,6,47,0.9703618167821401,0.9677543186180422,0.9690563136651932,112913,2605,15.28241,0.38294
distilbert,RandomForest,6,47,0.993521517815826,0.8241842610364684,0.9009651699538397,112913,2605,225.2307,2.43689
distilbert,LogisticRegression,6,47,0.30394088669950736,0.9474088291746641,0.4602331002331002,112913,2605,82.14279,0.01481
distilbert,KNN,6,47,0.9662698412698413,0.7477927063339731,0.8431075524778187,112913,2605,0.18425,104.49451
distilbert,MLP,6,47,0.9086687306501547,0.9013435700575816,0.9049913278088264,112913,2605,133.49384,0.44766
distilbert,CatBoost,6,47,0.8821710752318791,0.9857965451055662,0.9311094996374184,112913,2605,61.88475,0.13167
distilbert,XGBoost,6,47,0.9703618167821401,0.9677543186180422,0.9690563136651932,112913,2605,15.12469,0.38227
minilm,RandomForest,6,47,0.9921586715867159,0.8257197696737044,0.9013199245757385,112913,2605,226.83774,2.46958
minilm,LogisticRegression,6,47,0.3040532216336085,0.9474088291746641,0.4603618727849282,112913,2605,81.7946,0.01493
minilm,KNN,6,47,0.9662698412698413,0.7477927063339731,0.8431075524778187,112913,2605,0.18487,106.06016
minilm,MLP,6,47,0.91299117882919,0.874088291746641,0.8931162973131986,112913,2605,168.85006,0.42015
minilm,CatBoost,6,47,0.8799725651577504,0.9850287907869482,0.9295417496830284,112913,2605,62.47259,0.13517
minilm,XGBoost,6,47,0.9703618167821401,0.9677543186180422,0.9690563136651932,112913,2605,15.17763,0.38004
roberta,RandomForest,6,47,0.993521517815826,0.8241842610364684,0.9009651699538397,112913,2605,228.97705,2.50188
roberta,LogisticRegression,6,47,0.30394088669950736,0.9474088291746641,0.4602331002331002,112913,2605,82.10968,0.01494
roberta,KNN,6,47,0.9662698412698413,0.7477927063339731,0.8431075524778187,112913,2605,0.18262,105.90875
roberta,MLP,6,47,0.9086687306501547,0.9013435700575816,0.9049913278088264,112913,2605,132.69652,0.42157
roberta,CatBoost,6,47,0.8821710752318791,0.9857965451055662,0.9311094996374184,112913,2605,61.6826,0.19636
roberta,XGBoost,6,47,0.9703618167821401,0.9677543186180422,0.9690563136651932,112913,2605,15.10869,0.38215
albert,RandomForest,7,48,0.9921186833565137,0.8214971209213052,0.8987820243595128,112913,2605,222.57222,2.47396
albert,LogisticRegression,7,48,0.29932465026531596,0.9527831094049904,0.45553822152886114,112913,2605,75.11516,0.01526
albert,KNN,7,48,0.9714142427281846,0.7435700575815739,0.842357034137856,112913,2605,0.18701,106.18421
albert,MLP,7,48,0.8821376281112738,0.9251439539347409,0.9031290987446131,112913,2605,126.8182,0.11021
albert,CatBoost,7,48,0.8795470144131777,0.9838771593090211,0.9287914477260373,112913,2605,63.7757,0.1388
albert,XGBoost,7,48,0.959392789373814,0.9704414587332054,0.9648854961832061,112913,2605,15.36112,0.38414
bart,RandomForest,7,48,0.9921186833565137,0.8214971209213052,0.8987820243595128,112913,2605,221.07368,2.43632
bart,LogisticRegression,7,48,0.29932465026531596,0.9527831094049904,0.45553822152886114,112913,2605,74.01194,0.0156
bart,KNN,7,48,0.9714142427281846,0.7435700575815739,0.842357034137856,112913,2605,0.18877,105.87514
bart,MLP,7,48,0.8821376281112738,0.9251439539347409,0.9031290987446131,112913,2605,126.4903,0.11167
bart,CatBoost,7,48,0.8795470144131777,0.9838771593090211,0.9287914477260373,112913,2605,62.58606,0.13069
bart,XGBoost,7,48,0.959392789373814,0.9704414587332054,0.9648854961832061,112913,2605,15.60186,0.37667
bert,RandomForest,7,48,0.9921186833565137,0.8214971209213052,0.8987820243595128,112913,2605,220.79302,2.44575
bert,LogisticRegression,7,48,0.29932465026531596,0.9527831094049904,0.45553822152886114,112913,2605,74.96563,0.01908
bert,KNN,7,48,0.9714142427281846,0.7435700575815739,0.842357034137856,112913,2605,0.18939,105.9645
bert,MLP,7,48,0.8821376281112738,0.9251439539347409,0.9031290987446131,112913,2605,127.5284,0.11033
bert,CatBoost,7,48,0.8795470144131777,0.9838771593090211,0.9287914477260373,112913,2605,63.6288,0.14295
bert,XGBoost,7,48,0.959392789373814,0.9704414587332054,0.9648854961832061,112913,2605,15.4449,0.38359
distilbert,RandomForest,7,48,0.9921186833565137,0.8214971209213052,0.8987820243595128,112913,2605,220.78303,2.40067
distilbert,LogisticRegression,7,48,0.29932465026531596,0.9527831094049904,0.45553822152886114,112913,2605,74.28767,0.01488
distilbert,KNN,7,48,0.9714142427281846,0.7435700575815739,0.842357034137856,112913,2605,0.1833,104.68991
distilbert,MLP,7,48,0.8821376281112738,0.9251439539347409,0.9031290987446131,112913,2605,126.91404,0.11015
distilbert,CatBoost,7,48,0.8795470144131777,0.9838771593090211,0.9287914477260373,112913,2605,62.48238,0.14558
distilbert,XGBoost,7,48,0.959392789373814,0.9704414587332054,0.9648854961832061,112913,2605,15.45521,0.37984
minilm,RandomForest,7,48,0.9916782246879334,0.8234165067178503,0.899748322147651,112913,2605,224.31894,2.75381
minilm,LogisticRegression,7,48,0.306318512132036,0.9547024952015355,0.4638194703468855,112913,2605,108.75163,0.01497
minilm,KNN,7,48,0.9714142427281846,0.7435700575815739,0.842357034137856,112913,2605,0.18474,105.99308
minilm,MLP,7,48,0.9068702290076336,0.9120921305182341,0.9094736842105263,112913,2605,130.63243,0.1332
minilm,CatBoost,7,48,0.8488756613756614,0.9854126679462571,0.9120625333096465,112913,2605,62.30254,0.17545
minilm,XGBoost,7,48,0.9575435936315391,0.9696737044145873,0.9635704749189395,112913,2605,15.4691,0.37881
roberta,RandomForest,7,48,0.9921186833565137,0.8214971209213052,0.8987820243595128,112913,2605,226.64745,2.44811
roberta,LogisticRegression,7,48,0.29932465026531596,0.9527831094049904,0.45553822152886114,112913,2605,73.31536,0.01488
roberta,KNN,7,48,0.9714142427281846,0.7435700575815739,0.842357034137856,112913,2605,0.18487,106.00043
roberta,MLP,7,48,0.8821376281112738,0.9251439539347409,0.9031290987446131,112913,2605,128.20386,0.1109
roberta,CatBoost,7,48,0.8795470144131777,0.9838771593090211,0.9287914477260373,112913,2605,62.26718,0.14218
roberta,XGBoost,7,48,0.959392789373814,0.9704414587332054,0.9648854961832061,112913,2605,15.21914,0.3753
albert,RandomForest,8,49,0.9947842579421526,0.8053742802303263,0.890114552397115,112913,2605,228.89172,2.67746
albert,LogisticRegression,8,49,0.30235682012455734,0.9504798464491363,0.4587733926255327,112913,2605,57.97879,0.01522
albert,KNN,8,49,0.96900826446281,0.7201535508637236,0.8262497247302356,112913,2605,0.18426,105.77941
albert,MLP,8,49,0.9000771604938271,0.8955854126679462,0.8978256686549932,112913,2605,144.4498,0.13465
albert,CatBoost,8,49,0.8843514070006864,0.9892514395393474,0.9338648305852509,112913,2605,62.11335,0.1351
albert,XGBoost,8,49,0.9604863221884499,0.9704414587332054,0.9654382279931258,112913,2605,15.35292,0.3773
bart,RandomForest,8,49,0.9947842579421526,0.8053742802303263,0.890114552397115,112913,2605,229.96813,2.48593
bart,LogisticRegression,8,49,0.30235682012455734,0.9504798464491363,0.4587733926255327,112913,2605,57.79539,0.01491
bart,KNN,8,49,0.96900826446281,0.7201535508637236,0.8262497247302356,112913,2605,0.18464,106.06538
bart,MLP,8,49,0.9000771604938271,0.8955854126679462,0.8978256686549932,112913,2605,144.93385,0.11039
bart,CatBoost,8,49,0.8843514070006864,0.9892514395393474,0.9338648305852509,112913,2605,61.15037,0.13465
bart,XGBoost,8,49,0.9604863221884499,0.9704414587332054,0.9654382279931258,112913,2605,15.29964,0.37745
bert,RandomForest,8,49,0.9947842579421526,0.8053742802303263,0.890114552397115,112913,2605,230.63735,2.50788
bert,LogisticRegression,8,49,0.30235682012455734,0.9504798464491363,0.4587733926255327,112913,2605,57.00045,0.01511
bert,KNN,8,49,0.96900826446281,0.7201535508637236,0.8262497247302356,112913,2605,0.18575,105.12472
bert,MLP,8,49,0.9000771604938271,0.8955854126679462,0.8978256686549932,112913,2605,145.97553,0.13437
bert,CatBoost,8,49,0.8843514070006864,0.9892514395393474,0.9338648305852509,112913,2605,62.07539,0.14471
bert,XGBoost,8,49,0.9604863221884499,0.9704414587332054,0.9654382279931258,112913,2605,15.67564,0.38562
distilbert,RandomForest,8,49,0.9947842579421526,0.8053742802303263,0.890114552397115,112913,2605,228.95506,2.50244
distilbert,LogisticRegression,8,49,0.30235682012455734,0.9504798464491363,0.4587733926255327,112913,2605,57.82435,0.01522
distilbert,KNN,8,49,0.96900826446281,0.7201535508637236,0.8262497247302356,112913,2605,0.18461,105.81151
distilbert,MLP,8,49,0.9000771604938271,0.8955854126679462,0.8978256686549932,112913,2605,145.51926,0.11499
distilbert,CatBoost,8,49,0.8843514070006864,0.9892514395393474,0.9338648305852509,112913,2605,61.05573,0.20512
distilbert,XGBoost,8,49,0.9604863221884499,0.9704414587332054,0.9654382279931258,112913,2605,15.23597,0.37573
minilm,RandomForest,8,49,0.9966856060606061,0.8080614203454894,0.8925164299342803,112913,2605,226.99879,2.41244
minilm,LogisticRegression,8,49,0.30235682012455734,0.9504798464491363,0.4587733926255327,112913,2605,57.69186,0.01517
minilm,KNN,8,49,0.96900826446281,0.7201535508637236,0.8262497247302356,112913,2605,0.18536,106.05514
minilm,MLP,8,49,0.9304526748971194,0.8679462571976967,0.8981132075471698,112913,2605,136.01143,0.13504
minilm,CatBoost,8,49,0.8625544753603754,0.9877159309021113,0.9209019327129563,112913,2605,62.51241,0.1355
minilm,XGBoost,8,49,0.9604863221884499,0.9704414587332054,0.9654382279931258,112913,2605,15.35921,0.37829
roberta,RandomForest,8,49,0.9947842579421526,0.8053742802303263,0.890114552397115,112913,2605,226.69497,2.4068
roberta,LogisticRegression,8,49,0.30235682012455734,0.9504798464491363,0.4587733926255327,112913,2605,57.4185,0.01488
roberta,KNN,8,49,0.96900826446281,0.7201535508637236,0.8262497247302356,112913,2605,0.1826,105.96537
roberta,MLP,8,49,0.9000771604938271,0.8955854126679462,0.8978256686549932,112913,2605,145.8286,0.11126
roberta,CatBoost,8,49,0.8843514070006864,0.9892514395393474,0.9338648305852509,112913,2605,61.4682,0.13786
roberta,XGBoost,8,49,0.9604863221884499,0.9704414587332054,0.9654382279931258,112913,2605,15.62545,0.37474
albert,RandomForest,9,50,0.9940476190476191,0.8333973128598848,0.9066610983503863,112913,2605,226.70878,2.52997
albert,LogisticRegression,9,50,0.3000360620266859,0.9581573896353167,0.45697546686195534,112913,2605,59.81151,0.01548
albert,KNN,9,50,0.9629812438302073,0.7489443378119002,0.8425825955517167,112913,2605,0.18762,106.03358
albert,MLP,9,50,0.9207920792079208,0.8925143953934741,0.9064327485380117,112913,2605,104.99696,0.13526
albert,CatBoost,9,50,0.8595730486991328,0.9892514395393474,0.9198643583794396,112913,2605,63.28685,0.13243
albert,XGBoost,9,50,0.9568318318318318,0.9785028790786948,0.967546023913456,112913,2605,15.73615,0.3734
bart,RandomForest,9,50,0.9940476190476191,0.8333973128598848,0.9066610983503863,112913,2605,227.29025,2.48744
bart,LogisticRegression,9,50,0.3000360620266859,0.9581573896353167,0.45697546686195534,112913,2605,58.84153,0.01541
bart,KNN,9,50,0.9629812438302073,0.7489443378119002,0.8425825955517167,112913,2605,0.18551,105.78679
bart,MLP,9,50,0.9207920792079208,0.8925143953934741,0.9064327485380117,112913,2605,106.6352,0.11101
bart,CatBoost,9,50,0.8595730486991328,0.9892514395393474,0.9198643583794396,112913,2605,61.94783,0.14401
bart,XGBoost,9,50,0.9568318318318318,0.9785028790786948,0.967546023913456,112913,2605,15.20142,0.37627
bert,RandomForest,9,50,0.9940476190476191,0.8333973128598848,0.9066610983503863,112913,2605,226.6747,2.51979
bert,LogisticRegression,9,50,0.3000360620266859,0.9581573896353167,0.45697546686195534,112913,2605,59.80876,0.01515
bert,KNN,9,50,0.9629812438302073,0.7489443378119002,0.8425825955517167,112913,2605,0.18756,106.00711
bert,MLP,9,50,0.9207920792079208,0.8925143953934741,0.9064327485380117,112913,2605,106.14735,0.13483
bert,CatBoost,9,50,0.8595730486991328,0.9892514395393474,0.9198643583794396,112913,2605,61.00489,0.14699
bert,XGBoost,9,50,0.9568318318318318,0.9785028790786948,0.967546023913456,112913,2605,15.19909,0.37524
distilbert,RandomForest,9,50,0.9940476190476191,0.8333973128598848,0.9066610983503863,112913,2605,230.1239,2.48532
distilbert,LogisticRegression,9,50,0.3000360620266859,0.9581573896353167,0.45697546686195534,112913,2605,59.61964,0.0149
distilbert,KNN,9,50,0.9629812438302073,0.7489443378119002,0.8425825955517167,112913,2605,0.18472,104.7066
distilbert,MLP,9,50,0.9207920792079208,0.8925143953934741,0.9064327485380117,112913,2605,106.24236,0.11013
distilbert,CatBoost,9,50,0.8595730486991328,0.9892514395393474,0.9198643583794396,112913,2605,61.54078,0.16175
distilbert,XGBoost,9,50,0.9568318318318318,0.9785028790786948,0.967546023913456,112913,2605,15.4679,0.3807
minilm,RandomForest,9,50,0.9935809261806511,0.8318618042226488,0.9055578771416631,112913,2605,228.96978,2.72514
minilm,LogisticRegression,9,50,0.3,0.9581573896353167,0.4569336384439359,112913,2605,105.10405,0.01486
minilm,KNN,9,50,0.9629812438302073,0.7489443378119002,0.8425825955517167,112913,2605,0.1877,105.82877
minilm,MLP,9,50,0.92442322991249,0.8921305182341651,0.9079898417659699,112913,2605,134.61491,0.13565
minilm,CatBoost,9,50,0.8963117606123869,0.9888675623800384,0.9403175762000365,112913,2605,63.15274,0.13417
minilm,XGBoost,9,50,0.9594137542277339,0.9800383877159309,0.9696164071401443,112913,2605,15.35981,0.37776
roberta,RandomForest,9,50,0.9940476190476191,0.8333973128598848,0.9066610983503863,112913,2605,226.75037,2.47013
roberta,LogisticRegression,9,50,0.3000360620266859,0.9581573896353167,0.45697546686195534,112913,2605,59.82043,0.01492
roberta,KNN,9,50,0.9629812438302073,0.7489443378119002,0.8425825955517167,112913,2605,0.18965,105.95698
roberta,MLP,9,50,0.9207920792079208,0.8925143953934741,0.9064327485380117,112913,2605,106.62844,0.11086
roberta,CatBoost,9,50,0.8595730486991328,0.9892514395393474,0.9198643583794396,112913,2605,61.17074,0.14114
roberta,XGBoost,9,50,0.9568318318318318,0.9785028790786948,0.967546023913456,112913,2605,15.38422,0.3843
albert,RandomForest,10,51,0.9944598337950139,0.8268714011516315,0.9029553552714316,112913,2605,227.5863,2.53349
albert,LogisticRegression,10,51,0.30880534256740044,0.9585412667946257,0.4671218782153213,112913,2605,87.09124,0.01497
albert,KNN,10,51,0.9679358717434869,0.7416506717850287,0.8398174309932623,112913,2605,0.18664,106.14217
albert,MLP,10,51,0.9056240369799692,0.9024952015355087,0.9040569121322822,112913,2605,130.01623,0.14033
albert,CatBoost,10,51,0.8522314049586777,0.9896353166986565,0.9158081705150977,112913,2605,63.14976,0.12793
albert,XGBoost,10,51,0.956015037593985,0.9761996161228407,0.9660018993352326,112913,2605,15.63691,0.38591
bart,RandomForest,10,51,0.9944598337950139,0.8268714011516315,0.9029553552714316,112913,2605,226.07779,2.5042
bart,LogisticRegression,10,51,0.30880534256740044,0.9585412667946257,0.4671218782153213,112913,2605,87.56035,0.0152
bart,KNN,10,51,0.9679358717434869,0.7416506717850287,0.8398174309932623,112913,2605,0.18333,105.77679
bart,MLP,10,51,0.9056240369799692,0.9024952015355087,0.9040569121322822,112913,2605,131.53738,0.11348
bart,CatBoost,10,51,0.8522314049586777,0.9896353166986565,0.9158081705150977,112913,2605,61.60019,0.13187
bart,XGBoost,10,51,0.956015037593985,0.9761996161228407,0.9660018993352326,112913,2605,15.84665,0.39783
bert,RandomForest,10,51,0.9944598337950139,0.8268714011516315,0.9029553552714316,112913,2605,239.38641,2.6856
bert,LogisticRegression,10,51,0.30880534256740044,0.9585412667946257,0.4671218782153213,112913,2605,89.33042,0.01526
bert,KNN,10,51,0.9679358717434869,0.7416506717850287,0.8398174309932623,112913,2605,0.18495,105.23485
bert,MLP,10,51,0.9056240369799692,0.9024952015355087,0.9040569121322822,112913,2605,131.62492,0.14168
bert,CatBoost,10,51,0.8522314049586777,0.9896353166986565,0.9158081705150977,112913,2605,61.99254,0.13228
bert,XGBoost,10,51,0.956015037593985,0.9761996161228407,0.9660018993352326,112913,2605,15.79825,0.3909
distilbert,RandomForest,10,51,0.9944598337950139,0.8268714011516315,0.9029553552714316,112913,2605,233.49495,2.58533
distilbert,LogisticRegression,10,51,0.30880534256740044,0.9585412667946257,0.4671218782153213,112913,2605,88.49937,0.01541
distilbert,KNN,10,51,0.9679358717434869,0.7416506717850287,0.8398174309932623,112913,2605,0.19176,106.04701
distilbert,MLP,10,51,0.9056240369799692,0.9024952015355087,0.9040569121322822,112913,2605,130.94167,0.11579
distilbert,CatBoost,10,51,0.8522314049586777,0.9896353166986565,0.9158081705150977,112913,2605,61.43687,0.14017
distilbert,XGBoost,10,51,0.956015037593985,0.9761996161228407,0.9660018993352326,112913,2605,15.83586,0.38796
minilm,RandomForest,10,51,0.9944263817928471,0.8218809980806142,0.899957965531736,112913,2605,232.20137,2.67547
minilm,LogisticRegression,10,51,0.30880534256740044,0.9585412667946257,0.4671218782153213,112913,2605,89.66998,0.01492
minilm,KNN,10,51,0.9679358717434869,0.7416506717850287,0.8398174309932623,112913,2605,0.18694,104.49213
minilm,MLP,10,51,0.9162426614481409,0.8986564299424185,0.9073643410852713,112913,2605,182.44152,0.45017
minilm,CatBoost,10,51,0.8782816229116945,0.9888675623800384,0.9302997472011556,112913,2605,61.49084,0.12881
minilm,XGBoost,10,51,0.956997359486986,0.9738963531669865,0.965372907153729,112913,2605,15.80326,0.40833
roberta,RandomForest,10,51,0.9944598337950139,0.8268714011516315,0.9029553552714316,112913,2605,241.61134,2.77784
roberta,LogisticRegression,10,51,0.30880534256740044,0.9585412667946257,0.4671218782153213,112913,2605,92.50616,0.01564
roberta,KNN,10,51,0.9679358717434869,0.7416506717850287,0.8398174309932623,112913,2605,0.19307,106.52451
roberta,MLP,10,51,0.9056240369799692,0.9024952015355087,0.9040569121322822,112913,2605,133.72277,0.11868
roberta,CatBoost,10,51,0.8522314049586777,0.9896353166986565,0.9158081705150977,112913,2605,62.15103,0.13463
roberta,XGBoost,10,51,0.956015037593985,0.9761996161228407,0.9660018993352326,112913,2605,15.92442,0.3998
